<?xml version="1.0" encoding="UTF-8"?>
<?xml-stylesheet type="text/xsl" href="fgdc_classic.xsl"?>
<metadata xmlns:xsi="http://www.w3.org/2001/XMLSchema-instance" xsi:noNamespaceSchemaLocation="http://water.usgs.gov/GIS/metadata/usgswrd/fgdc-std-001-1998.xsd">
<idinfo>
<citation>
<citeinfo>
<origin>Faunt, Claudia C.</origin>
<pubdate>2012</pubdate>
<title>Basic (BAS) data file (model grid, active model cells, and hydraulic-head values) for the Central Valley Hydrologic Model (CVHM)</title>
<geoform>vector digital data</geoform>
<pubinfo>
<pubplace>Reston, Virginia</pubplace>
<publish>U.S. Geological Survey</publish>
</pubinfo>
<onlink>http://ca.water.usgs.gov/projects/central-valley/datasets/BAS6.zip</onlink>
<lworkcit>
<citeinfo>
<origin>Faunt, Claudia C. (editor)</origin>
<pubdate>2009</pubdate>
<title>Groundwater Availability of the Central Valley Aquifer, California</title>
<pubinfo>
<pubplace>Reston, Virginia</pubplace>
<publish>U.S. Geological Survey</publish>
</pubinfo>
<othercit>3 chapters, 1 appendix</othercit>
</citeinfo>
</lworkcit>
</citeinfo>
</citation>
<descript>
<abstract>This digital dataset defines the model grid, active model cells in the 10 model layers, and hydraulic-head values in the 10 model layers used to initiate the transient hydrologic model of the Central Valley flow system. The Central Valley encompasses an approximate 50,000 square-kilometer region of California. The complex hydrologic system of the Central Valley is simulated using the USGS numerical modeling code MODFLOW-FMP (Schmid and others, 2006).  This simulation is referred to here as the Central Valley Hydrologic Model (CVHM) (Faunt, 2009). Utilizing MODFLOW-FMP, the CVHM simulates groundwater- and surface-water flow, irrigated agriculture, land subsidence, and other key processes in the Central Valley on a monthly basis from 1961-2003.  The total active modeled area is 20,334 square-miles on a finite-difference grid comprising 441 rows and 98 columns. Slightly less than 50 percent of the cells are active. The CVHM grid has a uniform horizontal discretization of 1x1 square mile and is oriented parallel to the valley axis, 34 degrees west of north (Faunt, 2009). The starting heads are based on the water table and potentiometric surface developed by Williamson and others (1989).  The CVHM is the most recent regional-scale model of the Central Valley developed by the U.S. Geological Survey (USGS).  The CVHM was developed as part of the USGS Groundwater Resources Program (Faunt, 2009.  See "Foreword", Chapter A, page iii, for details).</abstract>
<purpose>The active cells and initial hydraulic-head values were used as input to MODFLOW-FMP, the USGS 3-dimensional finite-difference code used to simulate flow in the CVHM.  The one-square-mile cells were used to define the resolution and extent of the CVHM.  The CVHM is a tool that accounts for integrated, variable water-supply and -demand, and simulates surface-water and groundwater-flow across the entire Central Valley system.</purpose>
<supplinf>The CVHM dataset of active cells and initial hydraulic-head is one of many layers in a geospatial database supporting the USGS Central Valley Groundwater Availability Project. Regional groundwater availability studies quantify current groundwater resources, evaluate how those resources have changed through time, and provide tools that decision makers can use to predict system responses to future development and climate variability and change.  To provide information to stakeholders addressing these issues, the USGS made a detailed assessment of groundwater availability of the Central Valley aquifer system, which includes: (1) the present status of groundwater resources; (2) characterization of how these resources have changed over time; and (3) tools to assess system responses to stresses from future human uses and climate variability and change. This effort builds on previous investigations, such as the USGS Central Valley Regional Aquifer System and Analysis (CV-RASA) project and several other groundwater studies in the Valley completed by Federal, State and local agencies at various scales. Data from these previous studies were the foundation of the Central Valley geospatial database. These and other data were re-examined through a series of regional-scale hydrologic investigations to provide updated and spatially consistent interpretations for the Central Valley Groundwater Availability study. In some cases, new data were collected to augment existing information. Data compiled from the studies include geology (in particular, borehole lithology and the extent and thickness of the Corcoran Clay Member of the Tulare Formation), topography, remote sensing, climate (precipitation and temperature), geophysics, vegetation and land use, vegetation properties, hydrology (stream network and flows), groundwater levels, subsidence, chemistry, and soils.  Digital elevation models, geologic maps, borehole information, cross sections, and other 3-dimensional models were used to develop the texture model which represents the properties and geometry of the Central Valley alluvial deposits. The resulting geospatial database supports characterization and conceptualization of the Central Valley hydrologic system between 1961 and 2003, construction of 3-dimensional hydrogeologic framework and hydrologic flow models, and visualization of analysis and model results.</supplinf>
</descript>
<timeperd>
<timeinfo>
<sngdate>
<caldate>2012</caldate>
</sngdate>
</timeinfo>
<current>publication date</current>
</timeperd>
<status>
<progress>Complete</progress>
<update>None planned</update>
</status>
<spdom>
<bounding>
<westbc>-123.831528</westbc>
<eastbc>-117.916328</eastbc>
<northbc>40.748631</northbc>
<southbc>34.519871</southbc>
</bounding>
</spdom>
<keywords>
<theme>
<themekt>ISO 19115 Topic Category</themekt>
<themekey>inlandWaters</themekey>
<themekey>geoscientificinformation</themekey>
</theme>
<theme>
<themekt>American Geological Institute Glossary of Geology (http://glossary.agiweb.org/dbtw-wpd/glossary/search.aspx)</themekt>
<themekey>hydrology</themekey>
<themekey>hydrogeology</themekey>
<themekey>groundwater</themekey>
<themekey>model</themekey>
<themekey>hydraulic head</themekey>
</theme>
<theme>
<themekt>none</themekt>
<themekey>Central Valley Aquifer</themekey>
<themekey>Central Valley Hydrologic Model</themekey>
<themekey>Texture Model</themekey>
<themekey>Flow Model CVHM</themekey>
<themekey>CV-RASA</themekey>
<themekey>Groundwater Availability of the Central Valley Aquifer</themekey>
<themekey>discretization</themekey>
</theme>
<place>
<placekt>U.S. Board of Geographic Names (BGN) and Geographic Names Information System (GNIS)</placekt>
<placekey>California</placekey>
<placekey>Central Valley</placekey>
<placekey>Trinity County</placekey>
<placekey>Shasta County</placekey>
<placekey>Tehama County</placekey>
<placekey>Humboldt County</placekey>
<placekey>Butte County</placekey>
<placekey>Mendocino County</placekey>
<placekey>Glenn County</placekey>
<placekey>Yuba County</placekey>
<placekey>Lake County</placekey>
<placekey>Nevada County</placekey>
<placekey>Colusa County</placekey>
<placekey>Sutter County</placekey>
<placekey>Placer County</placekey>
<placekey>El Dorado County</placekey>
<placekey>Yolo County</placekey>
<placekey>Sonoma County</placekey>
<placekey>Napa County</placekey>
<placekey>Sacramento County</placekey>
<placekey>Amador County</placekey>
<placekey>Solano County</placekey>
<placekey>Calaveras County</placekey>
<placekey>Tuolumne County</placekey>
<placekey>San Joaquin County</placekey>
<placekey>Contra Costa County</placekey>
<placekey>Stanislaus County</placekey>
<placekey>Alameda County</placekey>
<placekey>Mariposa County</placekey>
<placekey>Madera County</placekey>
<placekey>Merced County</placekey>
<placekey>Fresno County</placekey>
<placekey>Santa Clara County</placekey>
<placekey>San Benito County</placekey>
<placekey>Monterey County</placekey>
<placekey>Tulare County</placekey>
<placekey>Kings County</placekey>
<placekey>Kern County</placekey>
<placekey>San Luis Obispo County</placekey>
<placekey>Santa Barbara County</placekey>
<placekey>Ventura County</placekey>
<placekey>Sacramento Valley</placekey>
<placekey>San Joaquin Valley</placekey>
<placekey>Central Valley, California</placekey>
</place>
</keywords>
<accconst>None.</accconst>
<useconst>
Data have been checked to ensure the accuracy of the data. If any errors are detected, please notify the originating office. The U.S. Geological Survey strongly recommends that careful attention be paid to the metadata file associated with these data. The U.S. Geological Survey shall not be held liable for improper or incorrect use of the data described and (or) contained herein.

Acknowledgement of the U.S. Geological Survey would be appreciated in products derived from these data.

Any use of trade, product, or firm names is for descriptive purposes only and does not imply endorsement by the U.S. Government. Although this Federal Geographic Data Committee-compliant metadata file is intended to document the dataset in nonproprietary form, as well as in ArcGIS format, this metadata file may include some ArcGIS-specific terminology.
</useconst>
<ptcontac>
<cntinfo>
<cntperp>
<cntper>Claudia C. Faunt</cntper>
<cntorg>U.S. Geological Survey</cntorg>
</cntperp>
<cntpos>Hydrologist</cntpos>
<cntaddr>
<addrtype>mailing and physical address</addrtype>
<address>California Water Science Center</address>
<city>San Diego</city>
<state>California</state>
<postal>92101</postal>
<country>USA</country>
</cntaddr>
<cntvoice>(619) 225-6142</cntvoice>
<cntfax>(619) 225-6101</cntfax>
<cntemail>ccfaunt@usgs.gov</cntemail>
</cntinfo>
</ptcontac>
<datacred>Spatial datasets supporting the Central Valley Groundwater Availability project were developed primarily by the U.S. Geological Survey's (USGS) Groundwater Resources Program.  This program is conducting large-scale multidisciplinary regional studies of groundwater availability.  The U.S. Bureau of Reclamation is supporting the updating of the Central Valley datasets and their documentation and release.</datacred>
<native>Microsoft Windows XP Version 5.1 (Build 2600) Service Pack 3; ESRI ArcCatalog 9.3.1.3500</native>
<crossref>
<citeinfo>
<origin>Schmid, Wolfgang</origin>
<origin>Hanson, R. T.</origin>
<origin>Maddock, Thomas, III</origin>
<origin>Leake, S. A.</origin>
<pubdate>2006</pubdate>
<title>User guide for the farm process (FMP1) for the U.S. Geological Survey's modular three-dimensional finite-difference ground-water flow model, MODFLOW-2000</title>
<serinfo>
<sername>Techniques and Methods</sername>
<issue>6-A17</issue>
</serinfo>
<pubinfo>
<pubplace>Sacramento, CA</pubplace>
<publish>USGS California Water Science Center</publish>
</pubinfo>
<onlink>http://pubs.usgs.gov/tm/2006/tm6A17/</onlink>
</citeinfo>
</crossref>
</idinfo>
<dataqual>
<attracc>
<attraccr>Attributes added by the GIS and the data-set author were checked by inspection using a GIS. In addition, attributes were checked and evaluated as part of the review process associated with the publication of the source report.</attraccr>
</attracc>
<logic>Lines forming polygons join at endpoints to completely enclose defined areas. Lines not enclosing areas do not intersect. No duplicate line features exist and all nodes are represented by a single coordinate pair which indicates the beginning or end of a line. All vertices that define the shape of the line are represented by a unique coordinate pair.</logic>
<complete>The polygon features in this dataset are computer-generated and represent the model grid and model layers of the Central Valley Hydrologic Model. The dataset is complete and is not anticipated to change.</complete>
<posacc>
<horizpa>
<horizpar>Horizontal positional accuracy of line features in the dataset was tested by visually comparing to digital maps in the region by using a GIS system.</horizpar>
</horizpa>
</posacc>
<lineage>
<srcinfo>
<srccite>
<citeinfo>
<origin>Faunt, C. C.</origin>
<origin>Hanson, R.T.</origin>
<origin>Belitz, K.</origin>
<origin>Schmid, W.</origin>
<origin>Predmore, S.P.</origin>
<origin>Rewis, D.L.</origin>
<origin>McPherson, K.</origin>
<pubdate>2009</pubdate>
<title>Numerical Model of the Hydrologic LandScape and Groundwater Flow in California's Central Valley</title>
<geoform>document</geoform>
<serinfo>
<sername>U.S. Geological Survey Professional Paper</sername>
<issue>2009-1766</issue>
</serinfo>
<pubinfo>
<pubplace>Reston, Virginia</pubplace>
<publish>U.S. Geological Survey</publish>
</pubinfo>
<onlink>http://pubs.usgs.gov/pp/1766/PP_1766.pdf</onlink>
<lworkcit>
<citeinfo>
<origin>Faunt, C.C.</origin>
<pubdate>2009</pubdate>
<title>Groundwater Availability of the Central Valley Aquifer, California</title>
<serinfo>
<sername>U.S. Geological Survey Professional Paper</sername>
<issue>2009-1766</issue>
</serinfo>
<pubinfo>
<pubplace>Reston, Virginia</pubplace>
<publish>U.S. Geological Survey</publish>
</pubinfo>
</citeinfo>
</lworkcit>
</citeinfo>
</srccite>
<srcscale>500000</srcscale>
<typesrc>online</typesrc>
<srctime>
<timeinfo>
<sngdate>
<caldate>2009</caldate>
</sngdate>
</timeinfo>
<srccurr>publication date</srccurr>
</srctime>
<srccitea>Faunt and others (2009)</srccitea>
<srccontr>See Professional Paper 1766 - Groundwater Availability of the Central Valley Aquifer, California.</srccontr>
</srcinfo>
<srcinfo>
<srccite>
<citeinfo>
<origin>Williamson, A. K.</origin>
<origin>Prudic, D. E.</origin>
<origin>Swain, L. A.</origin>
<pubdate>1989</pubdate>
<title>Ground-water flow in the Central Valley, California</title>
<serinfo>
<sername>Professional Paper</sername>
<issue>1401-D</issue>
</serinfo>
<pubinfo>
<pubplace>Reston, VA</pubplace>
<publish>U.S. Geological Survey</publish>
</pubinfo>
<onlink>http://pubs.usgs.gov/pp/1401d/report.pdf</onlink>
</citeinfo>
</srccite>
<typesrc>online</typesrc>
<srctime>
<timeinfo>
<sngdate>
<caldate>2009</caldate>
</sngdate>
</timeinfo>
<srccurr>publication date</srccurr>
</srctime>
<srccitea>Williamson and others (1989)</srccitea>
<srccontr>attribute values</srccontr>
</srcinfo>
<srcinfo>
<srccite>
<citeinfo>
<origin>Davis, G. H.</origin>
<origin>Green, J. H.</origin>
<origin>Olmsted F. H.</origin>
<origin>Brown, D. W.</origin>
<pubdate>1959</pubdate>
<title>Ground-water conditions and storage capacity in the San Joaquin Valley, California</title>
<serinfo>
<sername>Water Supply Paper</sername>
<issue>1469</issue>
</serinfo>
<pubinfo>
<pubplace>Washington, D.C.</pubplace>
<publish>U.S. Government Printing Office</publish>
</pubinfo>
<onlink>http://pubs.usgs.gov/wsp/1469/report.pdf</onlink>
</citeinfo>
</srccite>
<typesrc>online</typesrc>
<srctime>
<timeinfo>
<sngdate>
<caldate>2009</caldate>
</sngdate>
</timeinfo>
<srccurr>publication date</srccurr>
</srctime>
<srccitea>Davis and others (1959)</srccitea>
<srccontr>Central Valley major geomorphic provinces</srccontr>
</srcinfo>
<srcinfo>
<srccite>
<citeinfo>
<origin>Olmsted, F. H.</origin>
<origin>Davis, G. H.</origin>
<pubdate>1961</pubdate>
<title>Geologic features and ground-water storage capacity of the Sacramento Valley, California</title>
<serinfo>
<sername>Water Supply Paper</sername>
<issue>1497</issue>
</serinfo>
<pubinfo>
<pubplace>Washington, D.C.</pubplace>
<publish>U.S. Government Printing Office</publish>
</pubinfo>
<onlink>http://pubs.usgs.gov/wsp/1497/report.pdf</onlink>
</citeinfo>
</srccite>
<typesrc>online</typesrc>
<srctime>
<timeinfo>
<sngdate>
<caldate>2009</caldate>
</sngdate>
</timeinfo>
<srccurr>publication date</srccurr>
</srctime>
<srccitea>Olmstead and Davis (1961)</srccitea>
<srccontr>Central Valley major geomorphic provinces</srccontr>
</srcinfo>
<srcinfo>
<srccite>
<citeinfo>
<origin>Jennings, C.W.</origin>
<pubdate>1977</pubdate>
<title>1:750,000 scale fault and geologic maps of California</title>
<pubinfo>
<pubplace>Sacramento, CA</pubplace>
<publish>California Department of Conservation, Division of Mines and Geology</publish>
</pubinfo>
<onlink>http://archive.org/details/explanatorytextt00jennrich</onlink>
</citeinfo>
</srccite>
<typesrc>online</typesrc>
<srctime>
<timeinfo>
<sngdate>
<caldate>2009</caldate>
</sngdate>
</timeinfo>
<srccurr>publication date</srccurr>
</srctime>
<srcscale>750000</srcscale>
<srccitea>Jennings (1977)</srccitea>
<srccontr>Central Valley major geomorphic provinces</srccontr>
</srcinfo>
<srcinfo>
<srccite>
<citeinfo>
<origin>Page, R. W.</origin>
<pubdate>1986</pubdate>
<title>Geology of the fresh ground-water basin of the Central Valley, California, with texture maps and sections</title>
<serinfo>
<sername>Professional Paper</sername>
<issue>1401-C</issue>
</serinfo>
<pubinfo>
<pubplace>Reston, VA</pubplace>
<publish>U.S. Geological Survey</publish>
</pubinfo>
<onlink>http://pubs.usgs.gov/pp/1401c/report.pdf</onlink>
</citeinfo>
</srccite>
<typesrc>online</typesrc>
<srctime>
<timeinfo>
<sngdate>
<caldate>2009</caldate>
</sngdate>
</timeinfo>
<srccurr>publication date</srccurr>
</srctime>
<srccitea>Page (1986)</srccitea>
<srccontr>Corcoran Clay</srccontr>
</srcinfo>
<srcinfo>
<srccite>
<citeinfo>
<origin>Burow, Karen R.</origin>
<origin>Shelton, Jennifer L.</origin>
<origin>Hevesi, Joseph A.</origin>
<origin>Weissmann, Gary S.</origin>
<pubdate>2004</pubdate>
<title>Hydrogeologic characterization of the Modesto Area, San Joaquin Valley, California</title>
<geoform>vector digital data</geoform>
<serinfo>
<sername>Scientific Investigations Report</sername>
<issue>2004-5232</issue>
</serinfo>
<pubinfo>
<pubplace>Reston, VA</pubplace>
<publish>U.S. Geological Survey</publish>
</pubinfo>
<onlink>http://pubs.usgs.gov/sir/2004/5232/sir_2004-5232.pdf</onlink>
</citeinfo>
</srccite>
<typesrc>online</typesrc>
<srctime>
<timeinfo>
<sngdate>
<caldate>2009</caldate>
</sngdate>
</timeinfo>
<srccurr>publication date</srccurr>
</srctime>
<srccitea>Burow and others (2004)</srccitea>
<srccontr>Corcoran Clay</srccontr>
</srcinfo>
<srcinfo>
<srccite>
<citeinfo>
<origin>Weissmann, G.S.</origin>
<origin>Bennett, G.</origin>
<origin>Lansdale, A.L.</origin>
<pubdate>2005</pubdate>
<title>Factors controlling sequence development on Quaternary fluvial fans, San Joaquin Basin, California, USA</title>
<geoform>vector digital data</geoform>
<serinfo>
<sername>Special Publications</sername>
<issue>251</issue>
</serinfo>
<pubinfo>
<pubplace>London, England, UK</pubplace>
<publish>Geological Society of London</publish>
</pubinfo>
<onlink>http://epswww.unm.edu/facstaff/weissman/GSW_website/pubs/SP251-169-2006.pdf</onlink>
</citeinfo>
</srccite>
<typesrc>online</typesrc>
<srctime>
<timeinfo>
<sngdate>
<caldate>2009</caldate>
</sngdate>
</timeinfo>
<srccurr>publication date</srccurr>
</srctime>
<srccitea>Weissmann</srccitea>
<srccontr>alluvial fans of the San Joaquin Basin</srccontr>
</srcinfo>
<procstep>
<procdesc>A GIS was used to develop a polygon file representing the flow-model grid layers.</procdesc>
<srcused>Faunt and others (2009)</srcused>
<procdate>20090420</procdate>
<proctime>10482600</proctime>
<srcprod>Faunt and others (2009)</srcprod>
<proccont>
<cntinfo>
<cntperp>
<cntper>Faunt, C.C.</cntper>
<cntorg>USGS</cntorg>
</cntperp>
<cntpos>Hydrologist</cntpos>
<cntaddr>
<addrtype>mailing and physical address</addrtype>
<address>4165 Spruance Road, Suite 200</address>
<city>San Diego</city>
<state>CA</state>
<postal>92101</postal>
<country>USA</country>
</cntaddr>
<cntvoice>(619) 225-6142</cntvoice>
<cntemail>ccfaunt@usgs.gov</cntemail>
</cntinfo>
</proccont>
</procstep>
</lineage>
</dataqual>
<spdoinfo>
<indspref>Central Valley, comprised of the Sacramento Valley on the north and the San Joaquin Valley on the south, located in the state of California.</indspref>
<direct>Vector</direct>
<ptvctinf>
<sdtsterm>
<sdtstype>G-polygon</sdtstype>
<ptvctcnt>43218</ptvctcnt>
</sdtsterm>
</ptvctinf>
</spdoinfo>
<spref>
<horizsys>
<planar>
<mapproj>
<mapprojn>Albers Conical Equal Area</mapprojn>
<albers>
<stdparll>29.500000</stdparll>
<stdparll>45.500000</stdparll>
<longcm>-120.000000</longcm>
<latprjo>23.000000</latprjo>
<feast>0.000000</feast>
<fnorth>0.000000</fnorth>
</albers>
</mapproj>
<planci>
<plance>coordinate pair</plance>
<coordrep>
<absres>1609.0</absres>
<ordres>1609.0</ordres>
</coordrep>
<plandu>meters</plandu>
</planci>
</planar>
<geodetic>
<horizdn>North American Datum of 1983</horizdn>
<ellips>Geodetic Reference System 80</ellips>
<semiaxis>6378137.000000</semiaxis>
<denflat>298.257222</denflat>
</geodetic>
</horizsys>
<vertdef>
<altsys>
<altdatum>North American Vertical Datum of 1988</altdatum>
<altres>0.000010</altres>
<altunits>feet</altunits>
<altenc>Explicit elevation coordinate included with horizontal coordinates</altenc>
</altsys>
</vertdef>
</spref>
<eainfo>
<detailed>
<enttyp>
<enttypl>BAS6</enttypl>
<enttypd>Basic Package - Defines the initial conditions and some of the boundary conditions of the model (Harbaugh and others, 2000)</enttypd>
<enttypds>dataset originator</enttypds>
</enttyp>
<attr>
<attrlabl>FID</attrlabl>
<attrdef>Internal feature number.</attrdef>
<attrdefs>ESRI</attrdefs>
<attrdomv>
<udom>Sequential unique whole numbers that are automatically generated.</udom>
</attrdomv>
</attr>
<attr>
<attrlabl>OBJECTID</attrlabl>
<attrdef>Internal feature number.</attrdef>
<attrdefs>ESRI</attrdefs>
<attrdomv>
<udom>Sequential unique whole numbers that are automatically generated.</udom>
</attrdomv>
</attr>
<attr>
<attrlabl>Shape</attrlabl>
<attrdef>Feature geometry.</attrdef>
<attrdefs>ESRI</attrdefs>
<attrdomv>
<udom>Coordinates defining the features.</udom>
</attrdomv>
</attr>
<attr>
<attrlabl>CELLNUM</attrlabl>
<attrdef>Hydrologic model grid cell number</attrdef>
<attrdefs>dataset originator</attrdefs>
<attrdomv>
<rdom>
<rdommin>1</rdommin>
<rdommax>43218</rdommax>
<attrunit>Integer</attrunit>
</rdom>
</attrdomv>
</attr>
<attr>
<attrlabl>ROW</attrlabl>
<attrdef>Hydrologic model grid row number</attrdef>
<attrdefs>dataset originator</attrdefs>
<attrdomv>
<rdom>
<rdommin>1</rdommin>
<rdommax>441</rdommax>
<attrunit>Integer</attrunit>
</rdom>
</attrdomv>
</attr>
<attr>
<attrlabl>COLUMN_</attrlabl>
<attrdef>Hydrologic model grid column number</attrdef>
<attrdefs>dataset originator</attrdefs>
<attrdomv>
<rdom>
<rdommin>1</rdommin>
<rdommax>98</rdommax>
<attrunit>Integer</attrunit>
</rdom>
</attrdomv>
<attrdomv>
<rdom>
<rdommin>1</rdommin>
<rdommax>98</rdommax>
<attrunit>Integer</attrunit>
</rdom>
</attrdomv>
</attr>
<attr>
<attrlabl>lay1_act</attrlabl>
<attrdef>Cell Activity, model layer 1</attrdef>
<attrdefs>dataset originator</attrdefs>
<attrdomv>
<edom>
<edomv>1</edomv>
<edomvd>Active, and Layer 1 is the uppermost active layer</edomvd>
<edomvds>dataset originator</edomvds>
</edom>
</attrdomv>
<attrdomv>
<edom>
<edomv>0</edomv>
<edomvd>bedrock or inactive</edomvd>
<edomvds>dataset originator</edomvds>
</edom>
</attrdomv>
</attr>
<attr>
<attrlabl>lay2_act</attrlabl>
<attrdef>Cell Activity, model layer 2</attrdef>
<attrdefs>dataset originator</attrdefs>
<attrdomv>
<edom>
<edomv>0</edomv>
<edomvd>bedrock or inactive</edomvd>
<edomvds>dataset originator</edomvds>
</edom>
</attrdomv>
<attrdomv>
<edom>
<edomv>1</edomv>
<edomvd>Active, and Layer 1 is the uppermost active layer</edomvd>
<edomvds>dataset originator</edomvds>
</edom>
</attrdomv>
<attrdomv>
<edom>
<edomv>2</edomv>
<edomvd>Active, and Layer 2 is the uppermost active layer</edomvd>
<edomvds>dataset originator</edomvds>
</edom>
</attrdomv>
<attrdomv>
<edom>
<edomv>98</edomv>
<edomvd>layers 4 and 5 where the Corcoran Clay does not exist</edomvd>
<edomvds>dataset originator</edomvds>
</edom>
</attrdomv>
</attr>
<attr>
<attrlabl>lay3_act</attrlabl>
<attrdef>Cell Activity, model layer 3</attrdef>
<attrdefs>dataset originator</attrdefs>
<attrdomv>
<edom>
<edomv>0</edomv>
<edomvd>bedrock or inactive</edomvd>
<edomvds>dataset originator</edomvds>
</edom>
</attrdomv>
<attrdomv>
<edom>
<edomv>1</edomv>
<edomvd>Active, and Layer 1 is the uppermost active layer</edomvd>
<edomvds>dataset originator</edomvds>
</edom>
</attrdomv>
<attrdomv>
<edom>
<edomv>2</edomv>
<edomvd>Active, and Layer 2 is the uppermost active layer</edomvd>
<edomvds>dataset originator</edomvds>
</edom>
</attrdomv>
</attr>
<attr>
<attrlabl>lay45_act</attrlabl>
<attrdef>Cell Activity, model layers 4 and 5 - Corcoran Clay</attrdef>
<attrdefs>dataset originator</attrdefs>
<attrdomv>
<edom>
<edomv>0</edomv>
<edomvd>bedrock or inactive</edomvd>
<edomvds>dataset originator</edomvds>
</edom>
</attrdomv>
<attrdomv>
<edom>
<edomv>51</edomv>
<edomvd>Corcorcan exists and &lt;10 ft thick (87 cells)</edomvd>
<edomvds>dataset originator</edomvds>
</edom>
</attrdomv>
<attrdomv>
<edom>
<edomv>52</edomv>
<edomvd>Corcoran clay exists and between 10 and 20 ft thick (975 cells)</edomvd>
<edomvds>dataset originator</edomvds>
</edom>
</attrdomv>
<attrdomv>
<edom>
<edomv>53</edomv>
<edomvd>Corcoran clay exists and &gt; 20 ft thick and deeper than 30 ft from landsurface (5224 cells)</edomvd>
<edomvds>dataset originator</edomvds>
</edom>
</attrdomv>
<attrdomv>
<edom>
<edomv>98</edomv>
<edomvd>layers 4 and 5 where the Corcoran Clay does not exist (11905 cells)</edomvd>
<edomvds>dataset originator</edomvds>
</edom>
</attrdomv>
</attr>
<attr>
<attrlabl>lay6_act</attrlabl>
<attrdef>Cell Activity, model layer 6</attrdef>
<attrdefs>dataset originator</attrdefs>
<attrdomv>
<edom>
<edomv>0</edomv>
<edomvd>bedrock or inactive</edomvd>
<edomvds>dataset originator</edomvds>
</edom>
</attrdomv>
<attrdomv>
<edom>
<edomv>1</edomv>
<edomvd>Active, and Layer 1 is the uppermost active layer</edomvd>
<edomvds>dataset originator</edomvds>
</edom>
</attrdomv>
<attrdomv>
<edom>
<edomv>2</edomv>
<edomvd>Active, and Layer 2 is the uppermost active layer</edomvd>
<edomvds>dataset originator</edomvds>
</edom>
</attrdomv>
</attr>
<attr>
<attrlabl>lay7_act</attrlabl>
<attrdef>Cell Activity, model layer 7</attrdef>
<attrdefs>dataset originator</attrdefs>
<attrdomv>
<edom>
<edomv>0</edomv>
<edomvd>bedrock or inactive</edomvd>
<edomvds>dataset originator</edomvds>
</edom>
</attrdomv>
<attrdomv>
<edom>
<edomv>10</edomv>
<edomvd>area 10 - Redding</edomvd>
<edomvds>dataset originator</edomvds>
</edom>
</attrdomv>
<attrdomv>
<edom>
<edomv>11</edomv>
<edomvd>area 11 - Western Sacramento</edomvd>
<edomvds>dataset originator</edomvds>
</edom>
</attrdomv>
<attrdomv>
<edom>
<edomv>12</edomv>
<edomvd>area 12 - Eastern Sacramento</edomvd>
<edomvds>dataset originator</edomvds>
</edom>
</attrdomv>
<attrdomv>
<edom>
<edomv>20</edomv>
<edomvd>area 20 - Northwest San Joaquin (Stockton)</edomvd>
<edomvds>dataset originator</edomvds>
</edom>
</attrdomv>
<attrdomv>
<edom>
<edomv>21</edomv>
<edomvd>area 21 - Southwest San Joaquin (Westlands)</edomvd>
<edomvds>dataset originator</edomvds>
</edom>
</attrdomv>
<attrdomv>
<edom>
<edomv>22</edomv>
<edomvd>area 22 - Northeast San Joaquin</edomvd>
<edomvds>dataset originator</edomvds>
</edom>
</attrdomv>
<attrdomv>
<edom>
<edomv>23</edomv>
<edomvd>area 23 - East Central San Joaquin</edomvd>
<edomvds>dataset originator</edomvds>
</edom>
</attrdomv>
<attrdomv>
<edom>
<edomv>24</edomv>
<edomvd>area 24 - Southeast San Joaquin</edomvd>
<edomvds>dataset originator</edomvds>
</edom>
</attrdomv>
<attrdomv>
<edom>
<edomv>30</edomv>
<edomvd>area 30 - Tulare</edomvd>
<edomvds>dataset originator</edomvds>
</edom>
</attrdomv>
<attrdomv>
<edom>
<edomv>60</edomv>
<edomvd>below corcoran</edomvd>
<edomvds>dataset originator</edomvds>
</edom>
</attrdomv>
<attrdomv>
<edom>
<edomv>81</edomv>
<edomvd>San Joaquin</edomvd>
<edomvds>dataset originator</edomvds>
</edom>
</attrdomv>
<attrdomv>
<edom>
<edomv>99</edomv>
<edomvd>upper layer of bedrock</edomvd>
<edomvds>dataset originator</edomvds>
</edom>
</attrdomv>
</attr>
<attr>
<attrlabl>lay8_act</attrlabl>
<attrdef>Cell Activity, model layer 8</attrdef>
<attrdefs>dataset originator</attrdefs>
<attrdomv>
<edom>
<edomv>0</edomv>
<edomvd>bedrock or inactive</edomvd>
<edomvds>dataset originator</edomvds>
</edom>
</attrdomv>
<attrdomv>
<edom>
<edomv>10</edomv>
<edomvd>area 10 - Redding</edomvd>
<edomvds>dataset originator</edomvds>
</edom>
</attrdomv>
<attrdomv>
<edom>
<edomv>11</edomv>
<edomvd>area 11 - Western Sacramento</edomvd>
<edomvds>dataset originator</edomvds>
</edom>
</attrdomv>
<attrdomv>
<edom>
<edomv>12</edomv>
<edomvd>area 12 - Eastern Sacramento</edomvd>
<edomvds>dataset originator</edomvds>
</edom>
</attrdomv>
<attrdomv>
<edom>
<edomv>20</edomv>
<edomvd>area 20 - Northwest San Joaquin (Stockton)</edomvd>
<edomvds>dataset originator</edomvds>
</edom>
</attrdomv>
<attrdomv>
<edom>
<edomv>21</edomv>
<edomvd>area 21 - Sourthwest San Joaquin (Westlands)</edomvd>
<edomvds>dataset originator</edomvds>
</edom>
</attrdomv>
<attrdomv>
<edom>
<edomv>22</edomv>
<edomvd>area 22 - Northeast San Joaquin</edomvd>
<edomvds>dataset originator</edomvds>
</edom>
</attrdomv>
<attrdomv>
<edom>
<edomv>23</edomv>
<edomvd>area 23 - East Central San Joaquin</edomvd>
<edomvds>dataset originator</edomvds>
</edom>
</attrdomv>
<attrdomv>
<edom>
<edomv>24</edomv>
<edomvd>area 24 - Southeast San Joaquin</edomvd>
<edomvds>dataset originator</edomvds>
</edom>
</attrdomv>
<attrdomv>
<edom>
<edomv>30</edomv>
<edomvd>area 30 - Tulare</edomvd>
<edomvds>dataset originator</edomvds>
</edom>
</attrdomv>
<attrdomv>
<edom>
<edomv>60</edomv>
<edomvd>below corcorcan</edomvd>
<edomvds>dataset originator</edomvds>
</edom>
</attrdomv>
<attrdomv>
<edom>
<edomv>81</edomv>
<edomvd>San Joaquin</edomvd>
<edomvds>dataset originator</edomvds>
</edom>
</attrdomv>
<attrdomv>
<edom>
<edomv>99</edomv>
<edomvd>upper layer of bedrock</edomvd>
<edomvds>dataset originator</edomvds>
</edom>
</attrdomv>
</attr>
<attr>
<attrlabl>lay9_act</attrlabl>
<attrdef>Cell Activity, model layer 9</attrdef>
<attrdefs>dataset originator</attrdefs>
<attrdomv>
<edom>
<edomv>0</edomv>
<edomvd>bedrock or inactive</edomvd>
<edomvds>dataset originator</edomvds>
</edom>
</attrdomv>
<attrdomv>
<edom>
<edomv>10</edomv>
<edomvd>area 10 - Redding</edomvd>
<edomvds>dataset originator</edomvds>
</edom>
</attrdomv>
<attrdomv>
<edom>
<edomv>11</edomv>
<edomvd>area 11 - Western Sacramento</edomvd>
<edomvds>dataset originator</edomvds>
</edom>
</attrdomv>
<attrdomv>
<edom>
<edomv>12</edomv>
<edomvd>area 12 - Eastern Sacramento</edomvd>
<edomvds>dataset originator</edomvds>
</edom>
</attrdomv>
<attrdomv>
<edom>
<edomv>20</edomv>
<edomvd>area 20 - Northwest San Joaquin (Stockton)</edomvd>
<edomvds>dataset originator</edomvds>
</edom>
</attrdomv>
<attrdomv>
<edom>
<edomv>21</edomv>
<edomvd>area 21- Southwest San Joaquin</edomvd>
<edomvds>dataset originator</edomvds>
</edom>
</attrdomv>
<attrdomv>
<edom>
<edomv>22</edomv>
<edomvd>area 22 - Northeast San Joaquin</edomvd>
<edomvds>dataset originator</edomvds>
</edom>
</attrdomv>
<attrdomv>
<edom>
<edomv>23</edomv>
<edomvd>area 23 - East Central San Joaquin</edomvd>
<edomvds>dataset originator</edomvds>
</edom>
</attrdomv>
<attrdomv>
<edom>
<edomv>24</edomv>
<edomvd>aera 24 - Southeast San Joaquin</edomvd>
<edomvds>dataset originator</edomvds>
</edom>
</attrdomv>
<attrdomv>
<edom>
<edomv>30</edomv>
<edomvd>area 30 - Tulare</edomvd>
<edomvds>dataset originator</edomvds>
</edom>
</attrdomv>
<attrdomv>
<edom>
<edomv>60</edomv>
<edomvd>below corcoran</edomvd>
<edomvds>dataset originator</edomvds>
</edom>
</attrdomv>
<attrdomv>
<edom>
<edomv>81</edomv>
<edomvd>San Joaquin</edomvd>
<edomvds>dataset originator</edomvds>
</edom>
</attrdomv>
<attrdomv>
<edom>
<edomv>99</edomv>
<edomvd>upper layer of bedrock</edomvd>
<edomvds>dataset originator</edomvds>
</edom>
</attrdomv>
</attr>
<attr>
<attrlabl>lay10_act</attrlabl>
<attrdef>Active Cells</attrdef>
<attrdefs>dataset originator</attrdefs>
<attrdomv>
<edom>
<edomv>0</edomv>
<edomvd>bedrock or inactive</edomvd>
<edomvds>dataset originator</edomvds>
</edom>
</attrdomv>
<attrdomv>
<edom>
<edomv>10</edomv>
<edomvd>area 10 - Redding</edomvd>
<edomvds>dataset originator</edomvds>
</edom>
</attrdomv>
<attrdomv>
<edom>
<edomv>11</edomv>
<edomvd>area 11 - Western Sacramento</edomvd>
<edomvds>dataset originator</edomvds>
</edom>
</attrdomv>
<attrdomv>
<edom>
<edomv>12</edomv>
<edomvd>area 12 - Eastern Sacramento</edomvd>
<edomvds>dataset originator</edomvds>
</edom>
</attrdomv>
<attrdomv>
<edom>
<edomv>20</edomv>
<edomvd>area 20 - Northwest San Joaquin (Stockton)</edomvd>
<edomvds>dataset originator</edomvds>
</edom>
</attrdomv>
<attrdomv>
<edom>
<edomv>21</edomv>
<edomvd>area 21 - Southwest San Joaquin (Westlands)</edomvd>
<edomvds>dataset originator</edomvds>
</edom>
</attrdomv>
<attrdomv>
<edom>
<edomv>22</edomv>
<edomvd>area 22 - Northeast San Joaquin</edomvd>
<edomvds>dataset originator</edomvds>
</edom>
</attrdomv>
<attrdomv>
<edom>
<edomv>23</edomv>
<edomvd>area 23 - East Central San Joaquin</edomvd>
<edomvds>dataset originator</edomvds>
</edom>
</attrdomv>
<attrdomv>
<edom>
<edomv>24</edomv>
<edomvd>area 24 - Southeast San Joaquin</edomvd>
<edomvds>dataset originator</edomvds>
</edom>
</attrdomv>
<attrdomv>
<edom>
<edomv>30</edomv>
<edomvd>area 30 - Tulare</edomvd>
<edomvds>dataset originator</edomvds>
</edom>
</attrdomv>
<attrdomv>
<edom>
<edomv>60</edomv>
<edomvd>below corcoran</edomvd>
<edomvds>dataset originator</edomvds>
</edom>
</attrdomv>
<attrdomv>
<edom>
<edomv>81</edomv>
<edomvd>San Joaquin</edomvd>
<edomvds>dataset originator</edomvds>
</edom>
</attrdomv>
<attrdomv>
<edom>
<edomv>99</edomv>
<edomvd>upper layer of bedrock</edomvd>
<edomvds>dataset originator</edomvds>
</edom>
</attrdomv>
</attr>
<attr>
<attrlabl>strt_hd_01</attrlabl>
<attrdef>Starting heads based on Williamson and others (1989)</attrdef>
<attrdefs>dataset originator</attrdefs>
<attrdomv>
<rdom>
<rdommin>-5.5</rdommin>
<rdommax>191.5</rdommax>
<attrunit>feet</attrunit>
</rdom>
</attrdomv>
<attrdomv>
<edom>
<edomv>-9999</edomv>
<edomvd>no data</edomvd>
<edomvds>Metadata author</edomvds>
</edom>
</attrdomv>
</attr>
<attr>
<attrlabl>strt_hd_02</attrlabl>
<attrdef>Starting heads based on Williamson and others (1989)</attrdef>
<attrdefs>dataset originator</attrdefs>
<attrdomv>
<rdom>
<rdommin>-5.6</rdommin>
<rdommax>191.2</rdommax>
<attrunit>feet</attrunit>
</rdom>
</attrdomv>
<attrdomv>
<edom>
<edomv>-9999</edomv>
<edomvd>no data</edomvd>
<edomvds>dataset originator</edomvds>
</edom>
</attrdomv>
</attr>
<attr>
<attrlabl>strt_hd_03</attrlabl>
<attrdef>Starting heads based on Williamson and others (1989)</attrdef>
<attrdefs>dataset originator</attrdefs>
<attrdomv>
<rdom>
<rdommin>-5.6</rdommin>
<rdommax>265.7</rdommax>
<attrunit>feet</attrunit>
</rdom>
</attrdomv>
<attrdomv>
<edom>
<edomv>-9999</edomv>
<edomvd>no data</edomvd>
<edomvds>dataset originator</edomvds>
</edom>
</attrdomv>
</attr>
<attr>
<attrlabl>strt_hd_04</attrlabl>
<attrdef>Starting heads based on Williamson and others (1989)</attrdef>
<attrdefs>dataset originator</attrdefs>
<attrdomv>
<edom>
<edomv>-9999</edomv>
<edomvd>no data</edomvd>
<edomvds>dataset originator</edomvds>
</edom>
</attrdomv>
<attrdomv>
<rdom>
<rdommin>-56.3</rdommin>
<rdommax>218.4</rdommax>
<attrunit>feet</attrunit>
</rdom>
</attrdomv>
</attr>
<attr>
<attrlabl>strt_hd_05</attrlabl>
<attrdef>Starting heads based on Williamson and others (1989)</attrdef>
<attrdefs>dataset originator</attrdefs>
<attrdomv>
<rdom>
<rdommin>-80.6</rdommin>
<rdommax>218.4</rdommax>
<attrunit>feet</attrunit>
</rdom>
</attrdomv>
<attrdomv>
<edom>
<edomv>-9999</edomv>
<edomvd>no data</edomvd>
<edomvds>dataset originator</edomvds>
</edom>
</attrdomv>
</attr>
<attr>
<attrlabl>strt_hd_06</attrlabl>
<attrdef>Starting heads based on Williamson and others (1989)</attrdef>
<attrdefs>dataset originator</attrdefs>
<attrdomv>
<rdom>
<rdommin>-116.5</rdommin>
<rdommax>206.8</rdommax>
<attrunit>feet</attrunit>
</rdom>
</attrdomv>
<attrdomv>
<edom>
<edomv>-9999</edomv>
<edomvd>no data</edomvd>
<edomvds>dataset originator</edomvds>
</edom>
</attrdomv>
</attr>
<attr>
<attrlabl>strt_hd_07</attrlabl>
<attrdef>Starting heads based on Williamson and others (1989)</attrdef>
<attrdefs>dataset originator</attrdefs>
<attrdomv>
<rdom>
<rdommin>-115.1</rdommin>
<rdommax>198.7</rdommax>
<attrunit>feet</attrunit>
</rdom>
</attrdomv>
<attrdomv>
<edom>
<edomv>-9999</edomv>
<edomvd>no data</edomvd>
<edomvds>dataset originator</edomvds>
</edom>
</attrdomv>
</attr>
<attr>
<attrlabl>strt_hd_08</attrlabl>
<attrdef>Starting heads based on Williamson and others (1989)</attrdef>
<attrdefs>dataset originator</attrdefs>
<attrdomv>
<rdom>
<rdommin>-118.4</rdommin>
<rdommax>175.8</rdommax>
<attrunit>feet</attrunit>
</rdom>
</attrdomv>
<attrdomv>
<edom>
<edomv>-9999</edomv>
<edomvd>no data</edomvd>
<edomvds>dataset originator</edomvds>
</edom>
</attrdomv>
</attr>
<attr>
<attrlabl>strt_hd_09</attrlabl>
<attrdef>Starting heads based on Williamson and others (1989)</attrdef>
<attrdefs>dataset originator</attrdefs>
<attrdomv>
<rdom>
<rdommin>-138.6</rdommin>
<rdommax>160.7</rdommax>
<attrunit>feet</attrunit>
</rdom>
</attrdomv>
<attrdomv>
<edom>
<edomv>-9999</edomv>
<edomvd>no data</edomvd>
<edomvds>dataset originator</edomvds>
</edom>
</attrdomv>
</attr>
<attr>
<attrlabl>strt_hd_10</attrlabl>
<attrdef>Starting heads based on Williamson and others (1989)</attrdef>
<attrdefs>dataset originator</attrdefs>
<attrdomv>
<rdom>
<rdommin>-120</rdommin>
<rdommax>178.9</rdommax>
<attrunit>feet</attrunit>
</rdom>
</attrdomv>
<attrdomv>
<edom>
<edomv>-9999</edomv>
<edomvd>no data</edomvd>
<edomvds>dataset originator</edomvds>
</edom>
</attrdomv>
</attr>
</detailed>
<overview>
<eaover>Each model grid polygon feature has 25 attributes. Three attributes are automatically generated by the GIS (FID, OBJECTID, Shape) for internal software purposes. The remaining attributes were assigned by the author (Citation Originator) to define active model cells and starting heads (based on Williamson and others (1989)).</eaover>
<eadetcit>none.</eadetcit>
</overview>
</eainfo>
<distinfo>
<distrib>
<cntinfo>
<cntorgp>
<cntorg>U.S. Geological Survey</cntorg>
</cntorgp>
<cntpos>Ask USGS -- Water Webserver Team</cntpos>
<cntaddr>
<addrtype>mailing address</addrtype>
<address>445 National Center</address>
<city>Reston</city>
<state>VA</state>
<postal>20192</postal>
<country>USA</country>
</cntaddr>
<cntvoice>1-888-275-8747 (1-888-ASK-USGS)</cntvoice>
<cntemail>http://water.usgs.gov/user_feedback_form.html</cntemail>
</cntinfo>
</distrib>
<resdesc>
Downloadable Data
Digital geospatial datasets for the numerical model of the hydrogeologic landscape and groundwater flow in California's Central Valley.
</resdesc>
<distliab>Although these data have been used by the U.S. Geological Survey, U.S. Department of the Interior, no warranty expressed or implied is made by the U.S. Geological Survey as to the accuracy of the data.  The act of distribution shall not constitute any such warranty, and no responsibility is assumed by the U.S. Geological Survey in the use of these data, software, or related materials.
The use of firm, trade, or brand names in this report is for identification purposes only and does not constitute endorsement by the U.S. Geological Survey.  The names mentioned in this document may be trademarks or registered trademarks of their respective trademark owners.</distliab>
<stdorder>
<digform>
<digtinfo>
<formname>SHP</formname>
<formvern>ESRI Shapefile</formvern>
<filedec>unzip</filedec>
<transize>5.605</transize>
</digtinfo>
<digtopt>
<onlinopt>
<computer>
<networka>
<networkr>http://water.usgs.gov/GIS/dsdl/pp1766_BAS6.zip</networkr>
</networka>
</computer>
</onlinopt>
</digtopt>
</digform>
<fees>None. This dataset is provided by the USGS as a public service.</fees>
</stdorder>
<availabl>
<timeinfo>
<sngdate>
<caldate>2011</caldate>
</sngdate>
</timeinfo>
</availabl>
</distinfo>
<metainfo>
<metd>20120824</metd>
<metc>
<cntinfo>
<cntorgp>
<cntorg>U.S. Geological Survey</cntorg>
</cntorgp>
<cntpos>Ask USGS -- Water Webserver Team</cntpos>
<cntaddr>
<addrtype>mailing address</addrtype>
<address>455 National Center</address>
<city>Reston</city>
<state>VA</state>
<postal>20192</postal>
<country>USA</country>
</cntaddr>
<cntvoice>1-888-275-8747 (1-888-ASK-USGS)</cntvoice>
<cntemail>http://water.usgs.gov/user_feedback_form.html</cntemail>
</cntinfo>
</metc>
<metstdn>FGDC Content Standards for Digital Geospatial Metadata</metstdn>
<metstdv>FGDC-STD-001-1998</metstdv>
</metainfo>
</metadata>